treatment,replicate,summary_stat
1,1,0.5829812390044963
2,1,0.0796767424097992
3,1,0.9710331933585598
4,1,0.6343578093503593
5,1,0.9776699764894516
6,1,0.9347778932885937
