treatment,replicate,mean_cc
1,1,0.5461225250389301
2,1,0.9931518656030489
3,1,0.9567308151696079
4,1,0.463878376759214
5,1,0.7780550782474515
6,1,0.9844664324947692
